Name,Team,Overall,Aim,Throw,Speed,Hands
BR691223,Albuquerque,428.35,421.8,429.7,438.2,423.7
XF521922,Albuquerque,416.5,424.2,414.7,421.3,405.8
XO372926,Albuquerque,389.3,387.7,386.1,388.7,394.7
ID940724,Albuquerque,388.4,400.6,382.4,380.6,390
YW734223,Albuquerque,386.575,382.6,381.1,401.9,380.7
ML625022,Albuquerque,376.6,379.2,382.5,377.7,367
RE015923,Albuquerque,328.575,327.5,330,327.6,329.2
MK468321,Albuquerque,326.675,331.4,338.2,313.9,323.2
AX421625,Atlantic City,384.05,386.1,387.7,385.2,377.2
HJ590321,Atlantic City,378.55,380.2,384.5,379.7,369.8
KQ437125,Atlantic City,375.025,380.1,373.5,367.2,379.3
RO253625,Atlantic City,359.75,354,352.4,364.2,368.4
QJ767623,Atlantic City,352.125,348.2,362.1,350.9,347.3
ZY799422,Atlantic City,346.85,348.4,351.1,347.3,340.6
RN995222,Atlantic City,344.8,343.4,346.3,345.9,343.6
NW746326,Atlantic City,323.05,337.6,321.7,320,312.9
EA427524,Bakersfield,393.575,403.2,395.7,389.2,386.2
EY725520,Bakersfield,331.925,332.7,333.6,329.3,332.1
NZ586725,Bakersfield,325.225,323.1,329.6,323.7,324.5
CJ472524,Bakersfield,320.8,325.6,318.4,314.7,324.5
GC745624,Bakersfield,319.25,317.7,317.2,321.5,320.6
BO447528,Bakersfield,310.65,318.5,312.7,309.3,302.1
RD503726,Bakersfield,306.075,307.8,313.6,305.4,297.5
IT095623,Bakersfield,304.975,306.2,307,302.6,304.1
OX898522,Billings,419,433,409.7,417.8,415.5
CT643323,Billings,407.825,407.7,407.4,405.3,410.9
GY355923,Billings,399.775,409.6,398.3,400.5,390.7
FC623523,Billings,394.575,388.5,401.6,405.6,382.6
EK192323,Billings,388.9,393.7,391.6,387.4,382.9
ET657023,Billings,382.2,384.9,382.5,383.1,378.3
GW047028,Billings,334,344.5,342.9,320.7,327.9
NG220719,Billings,321.85,315.4,320.7,332.4,318.9
ET472424,Brooklyn,417.875,414.9,424.6,408.7,423.3
WN643122,Brooklyn,392.75,396.4,387.2,384.4,403
LQ317221,Brooklyn,365.725,356.8,370.5,367.5,368.1
ZZ915623,Brooklyn,364.275,374.3,357.8,368.7,356.3
MQ983026,Brooklyn,348.325,345.6,356.2,340.9,350.6
XH323824,Brooklyn,347.7,355.4,340.1,356.3,339
WL676323,Brooklyn,334.95,336.1,324.1,346.4,333.2
JE337622,Brooklyn,330.1,322,334.9,329,334.5
VY298623,Buffalo,412.225,407.8,405.1,417.7,418.3
SE325121,Buffalo,408.9,414.2,411.9,405.2,404.3
UY133125,Buffalo,408.325,412.2,412.2,408.1,400.8
IE842224,Buffalo,403.475,405.1,406.9,402.8,399.1
ZU837725,Buffalo,394.15,386.8,405.8,388.5,395.5
ZK231621,Buffalo,381.75,383.8,376.5,379.5,387.2
QZ882625,Buffalo,316.575,320.9,309.2,316.3,319.9
FN923025,Buffalo,316.025,319.9,331.4,308.5,304.3
SN140225,Cincinnati,394.925,394.8,395.2,397.5,392.2
IR445320,Cincinnati,391.3,390.8,395.4,389.6,389.4
TS004124,Cincinnati,384.3,391.3,387,380.3,378.6
PN889924,Cincinnati,376.325,365.7,373.5,389.7,376.4
FE000319,Cincinnati,365.175,375.1,355,373.8,356.8
VD887424,Cincinnati,346.375,345.4,351.3,342.5,346.3
FN530625,Cincinnati,345.625,355.6,340.2,343.2,343.5
NS500124,Cincinnati,329.125,323.2,330.9,326.8,335.6
QH487723,Colo Springs,411.575,400.9,415.2,412.1,418.1
JM380823,Colo Springs,324.1,331.7,317.8,333.8,313.1
SP721123,Colo Springs,320.95,317.9,311.5,333.1,321.3
GA239323,Colo Springs,315.575,320.1,304.6,317.8,319.8
DF343526,Colo Springs,313.75,313,314.7,317.4,309.9
QF225924,Colo Springs,302.5,304.9,303.8,302.6,298.7
NT545026,Colo Springs,300.95,293.7,298.3,315.2,296.6
ON457526,Colo Springs,296.775,282.8,305,288.6,310.7
EC719224,Columbus,400.75,410.3,400.3,396.1,396.3
DM490924,Columbus,375.475,373.5,376.4,367.2,384.8
QN749425,Columbus,369.025,367.4,377.5,367.3,363.9
CD113319,Columbus,367.45,379,362.9,365.4,362.5
KO637324,Columbus,362.85,364.5,362.8,368.3,355.8
LC947623,Columbus,345.475,351.2,352.4,340.2,338.1
HQ573721,Columbus,326.6,335.7,323.6,320.8,326.3
PT919328,Columbus,323.3,329.4,315,332.3,316.5
XS242324,Dallas,400.625,394.2,405.4,392.9,410
ZI900723,Dallas,383.65,387.4,384.3,378.1,384.8
LR092422,Dallas,379.85,380.5,373.7,377.7,387.5
NY402424,Dallas,375.9,376.7,382.5,374.8,369.6
JT717124,Dallas,367.95,363.5,372.2,372.1,364
JG408116,Dallas,363.05,362.5,368.5,360.1,361.1
MT846818,Dallas,350.55,353.7,345.8,345.4,357.3
ZQ471823,Dallas,339.125,344.5,333.4,339.6,339
FZ583624,Dayton,371.425,367.9,378.8,372.8,366.2
WW324922,Dayton,363.575,362.9,371.3,358.3,361.8
YQ634020,Dayton,363.375,369.2,356,361.9,366.4
PC112925,Dayton,360.5,361.6,364.1,363.7,352.6
DS979824,Dayton,356.9,356.7,357.3,355.2,358.4
BJ059324,Dayton,344.9,349.6,349.7,345.6,334.7
ZQ074020,Dayton,341.375,345.3,344.1,344.1,332
RR345025,Dayton,310.275,317,309.6,312.1,302.4
UT647522,Grand Rapids,370.225,372.1,367.4,368.8,372.6
KY165622,Grand Rapids,369.2,378.2,357.7,377,363.9
WB256727,Grand Rapids,364.6,368,367,360.6,362.8
XR787523,Grand Rapids,361.05,362.6,355.2,366.2,360.2
LA082224,Grand Rapids,357.825,361.8,350.5,360.7,358.3
TK051524,Grand Rapids,355.975,361.8,349.1,346.6,366.4
VK357224,Grand Rapids,350.35,343.1,344.2,350.2,363.9
HL802121,Grand Rapids,329.375,336.8,329.4,328.8,322.5
TZ779024,Long Island,379.6,385,385.4,369.1,378.9
EF966323,Long Island,372.6,374.7,369.8,374.9,371
PQ944327,Long Island,368.125,372.9,360.3,374.8,364.5
FZ666923,Long Island,359.2,366.6,359.4,356.3,354.5
AJ820520,Long Island,357.3,371.9,345.8,357.4,354.1
LW837123,Long Island,354.525,355.1,349.7,361.8,351.5
WC766821,Long Island,346.975,350.4,339.7,348.3,349.5
IW824823,Long Island,337.225,327.8,348,342.2,330.9
QH870022,Los Angeles,426.375,426.1,433.8,421.7,423.9
HG128824,Los Angeles,423.7,425.2,426.5,414.2,428.9
LG870723,Los Angeles,402.825,403.6,407.5,400.6,399.6
WJ690119,Los Angeles,390.225,398.8,388.9,384.1,389.1
WR916624,Los Angeles,386.825,391.8,393,372.9,389.6
HM545120,Los Angeles,381.375,386.3,383.5,378.4,377.3
RI641020,Los Angeles,380.5,378.6,383.4,383.7,376.3
YG027421,Los Angeles,325.85,325.5,321.7,326,330.2
EK972422,Memphis,382.45,382.6,386.2,379.8,381.2
DY318725,Memphis,380.475,393.1,374.6,377.3,376.9
KO509524,Memphis,358.25,368.6,352.6,352.8,359
BK435524,Memphis,350.65,349.2,353.1,344.8,355.5
HF005622,Memphis,348.775,359.8,340.2,343,352.1
YS147125,Memphis,348.375,337.3,359.6,347.7,348.9
LZ560427,Memphis,329.875,322.9,335.4,325.2,336
WG649023,Memphis,323.65,326.4,316,326.7,325.5
SF216924,Miami,384.775,376.1,389.8,395.6,377.6
XW317521,Miami,384.45,381.7,384.5,388.1,383.5
XV140922,Miami,365.1,365.8,365.3,359.4,369.9
ME453522,Miami,363.475,357.5,366.1,365.9,364.4
ME212824,Miami,356.225,357.8,364.7,346.1,356.3
WL884426,Miami,353.375,359.6,354.2,344.2,355.5
FT415024,Miami,346.95,355.1,347.7,345.2,339.8
BL787622,Miami,313.925,319.1,312.7,310.9,313
XM733723,Minnesota,409.675,412.2,408.5,414.2,403.8
GC598724,Minnesota,399.775,399.9,410,391.3,397.9
XA450019,Minnesota,395.375,396.4,393.9,391.3,399.9
MR049719,Minnesota,394.775,397.7,389.5,387.1,404.8
JU868321,Minnesota,394.55,401.9,399.5,389.9,386.9
AH911924,Minnesota,393.65,384.4,398.6,395,396.6
RS321725,Minnesota,383.9,388.6,381.1,390.7,375.2
MK063522,Minnesota,323.475,318,324.2,332,319.7
QK439822,Mississippi,414.1,416.7,408.3,409.2,422.2
JR628922,Mississippi,403.425,411.3,397.9,403,401.5
RG188722,Mississippi,399.05,389.1,404.6,403.6,398.9
WY262822,Mississippi,397.8,404.3,399.7,398.6,388.6
MJ213020,Mississippi,392.7,398.6,388.7,387.4,396.1
RZ430024,Mississippi,362.75,365.2,357.2,359.8,368.8
PX301419,Mississippi,361.425,359.9,360.6,363,362.2
JN417025,Mississippi,321.05,331.6,321.9,314.6,316.1
JH182723,Oklahoma City,387.15,391,392.3,390.6,374.7
HI703023,Oklahoma City,381.9,389.3,377.9,389.8,370.6
JL343626,Oklahoma City,372.725,377.9,377.2,368.9,366.9
RH087316,Oklahoma City,369.725,370.9,375.2,371.6,361.2
PM551724,Oklahoma City,362.975,362.1,363.9,354.9,371
NR986923,Oklahoma City,362.9,369.6,373.7,362,346.3
QJ829022,Oklahoma City,342.75,340.5,351,333,346.5
TG363323,Oklahoma City,323.775,315.1,328.6,320.3,331.1
SR794125,Orlando,395.85,389.2,400.5,408.5,385.2
IH512421,Orlando,377.05,377,381.6,381.2,368.4
EX710624,Orlando,376.9,374.6,375.3,378,379.7
JF596823,Orlando,370.825,371,364.5,375.9,371.9
RM184624,Orlando,369.475,362.5,366.9,369.4,379.1
FD150320,Orlando,350.775,354,343.2,353.6,352.3
EF828922,Orlando,337.875,335.6,345.1,343,327.8
SN779923,Orlando,328.425,327.7,334.3,331.1,320.6
UC584923,Phoenix,430.575,437.2,422.7,420,442.4
CF465523,Phoenix,425.65,430.6,424,418.9,429.1
BT278320,Phoenix,407.425,405,404.9,407.3,412.5
ZT592024,Phoenix,404.425,412.6,408.3,402.1,394.7
CW740021,Phoenix,389.625,380.5,382.5,395.5,400
UP562517,Phoenix,376.625,371.7,380.9,377.5,376.4
ZK908522,Phoenix,362.925,359.7,369.4,358.6,364
FV487624,Phoenix,290.625,289.8,289.1,297.3,286.3
IA229625,Portland,392,393.3,394.7,386.8,393.2
BU057320,Portland,386.4,383.8,393,379.4,389.4
WB100926,Portland,372.65,369.1,370.7,378,372.8
ZV934125,Portland,371.425,366.2,378.1,366.4,375
PE157522,Portland,366.875,367.1,368.5,362.5,369.4
NL904323,Portland,360.55,359.3,368.2,365.8,348.9
AF857223,Portland,357.95,351.3,361.3,357.5,361.7
UQ508921,Portland,348.2,351.1,350.9,346.2,344.6
SR807523,Raleigh,432.125,443.1,439.1,414.2,432.1
JJ039624,Raleigh,430.425,426.8,437.5,426,431.4
KI530724,Raleigh,427.7,421.9,423,440.2,425.7
QK349022,Raleigh,403.125,410.9,401.3,399.9,400.4
AM527721,Raleigh,388.9,397.5,388.6,386,383.5
PQ515219,Raleigh,385.475,381.3,384.5,383.6,392.5
VA890625,Raleigh,341.825,336.6,339.5,346.7,344.5
QK793126,Raleigh,312.025,306.7,318.8,318.8,303.8
VN112923,Rochester,429.5,434.8,427.4,424.3,431.5
QC360122,Rochester,422.2,431.3,415,417.3,425.2
YG541723,Rochester,413.225,414.4,412.2,410,416.3
IG270319,Rochester,398.85,394.4,399.8,411.9,389.3
XS204323,Rochester,398.7,402.9,394.4,397.2,400.3
CS938520,Rochester,391.825,399.1,387.6,382.7,397.9
RS558720,Rochester,329.325,334.3,331.7,323.1,328.2
TC217025,Rochester,321,327.8,315.6,313.5,327.1
HU630128,Sacramento,383.525,382.1,390.2,388.8,373
LA794717,Sacramento,363.075,360.5,355.2,374.8,361.8
NN928222,Sacramento,359.775,358.5,371.4,361.4,347.8
SA535026,Sacramento,355.2,361.5,355.7,355.4,348.2
DI151227,Sacramento,339.175,332,341,345.9,337.8
HV996821,Sacramento,338.6,335.4,335.5,339.3,344.2
WH140220,Sacramento,338.475,336.4,333.7,338.3,345.5
DS534921,Sacramento,329.625,321.4,333.9,330.2,333
LO454125,San Antonio,395.375,396.1,397.3,389.5,398.6
ZU937521,San Antonio,370.925,377.2,373.6,367.6,365.3
HJ885324,San Antonio,361.5,373.8,351.3,360.2,360.7
YK994225,San Antonio,359.8,371.1,354.1,362.1,351.9
TT931024,San Antonio,350.4,348.7,359.1,349.2,344.6
HO269517,San Antonio,350,356.4,342.1,352.6,348.9
SE154320,San Antonio,335.55,342.5,338.8,334.6,326.3
RF391324,San Antonio,334.65,332.3,339,325,342.3
OD583824,Seattle,451.9,457.8,446.8,455.8,447.2
YR993123,Seattle,435.55,439.1,421.4,442.7,439
UO715122,Seattle,422.775,426.7,424.7,422.5,417.2
NP722924,Seattle,409.95,413.6,398.7,414.7,412.8
DF242027,Seattle,392.375,397,392,389.8,390.7
LE603924,Seattle,379.875,386.1,371.6,375.9,385.9
FS561818,Seattle,373.375,373.5,368.5,371.2,380.3
FF068623,Seattle,334.25,335.9,327,340.9,333.2
AC411521,Spokane,375.675,375.9,376.3,369.3,381.2
JP762325,Spokane,351.125,358.7,354.9,346.2,344.7
IS194023,Spokane,349.4,336.6,346.7,356.3,358
EM685221,Spokane,331.925,340.4,337.8,321.1,328.4
OS927422,Spokane,330.8,334.8,327.7,333.4,327.3
QQ809124,Spokane,330.6,336.4,324.7,337.5,323.8
BD784126,Spokane,326.375,315.6,336.1,323.6,330.2
MN015525,Spokane,325.825,325.3,319.8,328.7,329.5
WD775822,Trenton,388.4,379.4,385.6,395.1,393.5
JT906122,Trenton,351.75,354.4,351,352.4,349.2
BM179223,Trenton,349.45,359,355.8,329.2,353.8
OX858622,Trenton,337.8,332.1,338.8,338.2,342.1
RC700122,Trenton,331.875,333.8,331,335.4,327.3
UB159221,Trenton,328.95,328,323.5,327.6,336.7
CK771725,Trenton,321.575,325.3,322.2,317.6,321.2
FR942224,Trenton,302.775,302,312.9,298.6,297.6
BU954619,Tucson,372.975,385.8,375.5,362.4,368.2
PP102622,Tucson,372.55,377.5,372.2,368.7,371.8
NZ485020,Tucson,356.55,356.1,356.8,354.2,359.1
WT405226,Tucson,355.85,358.2,355.5,365.2,344.5
RC649424,Tucson,347.325,347.5,343.5,349.2,349.1
GS627423,Tucson,330.225,341.3,329.5,330.3,319.8
FA125621,Tucson,329.425,338.8,328.6,332.8,317.5
TC592824,Tucson,311.975,316.7,323.2,314,294
PE672822,Washington,428.5,434.1,428.7,422.1,429.1
PV363024,Washington,422.9,424.2,417.6,418.7,431.1
NM221522,Washington,414.8,418,411.9,415.8,413.5
WF948921,Washington,393.125,397.3,395.5,389.6,390.1
IH702523,Washington,391.425,391.6,393.6,387.7,392.8
CO160520,Washington,389.575,395.7,387.5,394.7,380.4
FV546320,Washington,345.15,352.8,332.6,350.8,344.4
UM944118,Washington,320.35,326.3,311.4,316.6,327.1
JM137323,Wichita,428.5,426.8,439.1,426.6,421.5
NF564220,Wichita,419.275,430.7,415.6,421.4,409.4
XW699422,Wichita,412.925,413.3,408.5,422.6,407.3
BX422624,Wichita,410.15,421.2,406.9,401.9,410.6
UO830924,Wichita,371.725,378.4,367.7,374,366.8
YT209120,Wichita,354,367.7,352.6,348.2,347.5
LZ105925,Wichita,322.45,333.9,311.1,339,305.8
OS645022,Wichita,318.175,332.8,316.9,312.4,310.6
AZ298922,Akron,322.725,321.5,325.3,315.2,328.9
ZA812124,Akron,244.35,244.8,247.9,234.1,250.6
UC401625,Akron,243.85,255.4,241.4,234.5,244.1
MV868625,Akron,239.75,237.7,235.5,241.2,244.6
XE921424,Akron,237.65,243.3,240.4,239.6,227.3
PA078423,Akron,235.5,236,243.8,225.7,236.5
LI522728,Akron,229.35,227.4,234,222.2,233.8
FV291424,Akron,216.125,214.1,221.6,220.2,208.6
SP505525,Ann Arbor,271.225,262.4,271.9,275.8,274.8
AR661421,Ann Arbor,260.6,258.3,256.7,256.7,270.7
EJ888027,Ann Arbor,257.575,260.6,261.8,262.5,245.4
BY885029,Ann Arbor,253.95,257,262.3,247,249.5
CP198025,Ann Arbor,245.4,236.8,259.7,247,238.1
CV727626,Ann Arbor,242.5,259.5,236,244.2,230.3
YK569327,Ann Arbor,239.675,237.4,235.3,238.2,247.8
SI800732,Ann Arbor,221.25,218.8,226.8,219.7,219.7
OI301522,Annapolis,343.225,342.3,352.1,341.6,336.9
BA439628,Annapolis,315.4,315,322.7,307.9,316
JD650722,Annapolis,314.65,303.1,329.1,312.9,313.5
JZ081724,Annapolis,299.525,309.3,292,299.5,297.3
SQ860924,Annapolis,291.975,294.1,293.7,290.7,289.4
PK734624,Annapolis,284.75,289.2,286.1,283.6,280.1
KD686623,Annapolis,253.25,253.6,250.4,249.2,259.8
KS508123,Annapolis,226.075,224.1,236.1,223.1,221
EQ576122,Atlanta,308.75,316.6,303,307.2,308.2
WO581026,Atlanta,299.25,304.3,296.2,306.5,290
SP705023,Atlanta,291.025,295.1,294,293.1,281.9
IH841027,Atlanta,283.425,294.1,269.5,275.6,294.5
JA871424,Atlanta,283.175,281.7,288.5,280.6,281.9
GS063022,Atlanta,282.525,283.8,283.1,292.8,270.4
UB337123,Atlanta,279,278.9,275.9,281.4,279.8
MZ912022,Atlanta,266.925,272.3,268.3,264.4,262.7
BI286022,Baton Rouge,332.575,324.4,333.4,339.7,332.8
ZB557223,Baton Rouge,309.775,315.3,302.9,307.4,313.5
UJ361123,Baton Rouge,305,314.6,300.5,300.8,304.1
KW325927,Baton Rouge,302.975,298.4,316.5,301,296
UN106622,Baton Rouge,299.575,292.3,306.7,301,298.3
CL745224,Baton Rouge,289.425,287.7,292.7,287.6,289.7
RD364225,Baton Rouge,247.375,253.6,243.9,245.7,246.3
UX669832,Baton Rouge,240.075,235.6,238.2,246.2,240.3
FC165128,Charlotte,288.95,285.1,283.7,292.9,294.1
TJ118324,Charlotte,276.2,273.8,279.8,281.2,270
QU685425,Charlotte,264.8,261,272.8,263.8,261.6
AX570628,Charlotte,252.05,252.8,257,250.8,247.6
HR916426,Charlotte,250.65,254.6,252.5,248.6,246.9
FE271329,Charlotte,240.9,253.3,242,228.3,240
HM762722,Charlotte,240.625,243.3,243.4,241.6,234.2
FY475930,Charlotte,218.75,213.5,225.4,217.5,218.6
RX954923,Chicago,355.825,361,357.1,355,350.2
RR968325,Chicago,344.4,349.6,346.3,340.2,341.5
LU360119,Chicago,344.075,347.8,350.8,337.6,340.1
ML712622,Chicago,335.675,335.9,342.4,329.3,335.1
XL352423,Chicago,313.875,323.4,320.9,309.9,301.3
BI675623,Chicago,309.675,308.8,318.1,310.7,301.1
NY222527,Chicago,304.8,313.5,302,301.6,302.1
FA293324,Chicago,203.075,201.1,200.8,201,209.4
VS892725,Des Moines,276.6,287.7,279.9,274.3,264.5
LY778422,Des Moines,274.975,280.5,273.1,271.6,274.7
YD717822,Des Moines,273.875,270.9,274.1,273.1,277.4
WY407724,Des Moines,268.15,271.9,270.6,269.4,260.7
QX607422,Des Moines,257.275,249.5,264.8,259.2,255.6
UX012422,Des Moines,249.075,249,250.1,243.2,254
XT332928,Des Moines,243.575,237.5,247.2,247.5,242.1
GD347425,Des Moines,226.85,221.4,221.9,228,236.1
VA992226,Fargo,291.8,292.1,292.5,289,293.6
CC866024,Fargo,260.55,268.1,252.2,256,265.9
PF189725,Fargo,245.6,250.7,241.4,235,255.3
RE468226,Fargo,241.7,232.8,243.9,250.7,239.4
RC224023,Fargo,241.675,246.5,238.6,242.1,239.5
HX116928,Fargo,235.6,240.8,232.8,233.3,235.5
GG749925,Fargo,221,223.6,222.9,223.3,214.2
GO545027,Fargo,194.625,192,198.6,190.2,197.7
VX914528,Ft. Wayne,308.2,303.3,307.9,310.8,310.8
DN243022,Ft. Wayne,299.3,298.2,308.2,295,295.8
TS232127,Ft. Wayne,288.275,289,296.5,281.8,285.8
UM022525,Ft. Wayne,258.825,267.9,271.1,250.6,245.7
GT686625,Ft. Wayne,257.45,246.2,262.1,257.7,263.8
PL426425,Ft. Wayne,256.7,263.3,257.7,250.3,255.5
DA270223,Ft. Wayne,256.575,251.8,261.6,258.2,254.7
YJ615826,Ft. Wayne,202.55,194.4,208.9,203.6,203.3
EE173823,Green Bay,287.75,282.1,284.6,302.7,281.6
LL903622,Green Bay,286.025,295.1,284,281,284
VG135525,Green Bay,274.375,278.2,281.2,271.1,267
ER558027,Green Bay,272.35,265.8,283.5,266,274.1
QJ389423,Green Bay,272.1,285.3,269.2,275.8,258.1
BM534528,Green Bay,258.65,268.6,260.7,261.4,243.9
HC385422,Green Bay,257.575,256.5,255.2,252.8,265.8
JC161524,Green Bay,249.6,253,250.1,240.7,254.6
WU831423,Hawaii,343.225,338.6,355.5,341.4,337.4
OQ825622,Hawaii,325.775,315.6,322.9,330,334.6
CX658623,Hawaii,315.3,316.9,322.9,312.4,309
CC492522,Hawaii,313.525,311.4,319.2,309.1,314.4
GL041721,Hawaii,306.95,313.8,309.3,305.9,298.8
AP505324,Hawaii,293.375,302.7,284.6,299,287.2
ZM809221,Hawaii,234.85,234.8,234,231.5,239.1
TW835027,Hawaii,223.325,226.8,233,212.3,221.2
AE743526,Huntington,329.65,336.2,338.6,320.3,323.5
VB910524,Huntington,320,327.2,321.7,314.5,316.6
BL876022,Huntington,313.3,312.1,310.5,309.6,321
PX430723,Huntington,306.15,307.4,300.9,304.4,311.9
QW816523,Huntington,302.125,313.1,293.2,291.6,310.6
WF855522,Huntington,278.375,278.6,284.1,268.9,281.9
JF856024,Huntington,214.125,221.7,211.9,209.7,213.2
PW626423,Huntington,210.425,202.4,216.3,215.3,207.7
XH205127,Indianapolis,301.025,301.2,304.5,305.6,292.8
VL365830,Indianapolis,275.2,279.8,277,273.4,270.6
SV979026,Indianapolis,274.55,272.1,273.7,276.8,275.6
LE278628,Indianapolis,259.8,269.6,264,255.5,250.1
MO774525,Indianapolis,259.525,270,254.6,256.7,256.8
XK839028,Indianapolis,255.75,259.3,248.9,263.4,251.4
EV945925,Indianapolis,224.175,228.7,221.9,218,228.1
TH595525,Indianapolis,221.875,220.6,217.2,224.8,224.9
PA273622,Jacksonville,318.575,326.4,315.4,311.5,321
LZ411827,Jacksonville,294.075,293.9,289.3,300.8,292.3
TA331127,Jacksonville,293.1,285.6,304.1,294.7,288
KL649023,Jacksonville,281.55,283.2,279.2,287.8,276
AM087221,Jacksonville,277.5,292.8,267.2,274.3,275.7
IG727425,Jacksonville,275.825,285.8,263.8,275.1,278.6
UR737124,Jacksonville,273.575,279.3,267.7,272.9,274.4
YG966324,Jacksonville,241.775,248.2,233.4,229.8,255.7
MJ106126,Kansas City,297,296.2,297.7,293.2,300.9
IB045329,Kansas City,250.125,252.3,246.6,240.3,261.3
SZ310224,Kansas City,243.55,244.9,238.4,240.6,250.3
BL808928,Kansas City,238.975,242.9,239,232.3,241.7
TN369828,Kansas City,233.975,234.8,232.6,224.7,243.8
QA058927,Kansas City,231.4,233.1,234.1,229.2,229.2
ZF982825,Kansas City,230.025,239.5,236.5,216.1,228
HX750025,Kansas City,211.075,216,205.1,204.7,218.5
KG403625,Las Vegas,283.725,290.6,282.2,279.2,282.9
CH383023,Las Vegas,280.275,276.1,277.7,289.2,278.1
DQ252526,Las Vegas,278.2,277.5,280,274.5,280.8
GN818222,Las Vegas,269.1,260.2,281,265.2,270
WE138828,Las Vegas,268.95,276.2,262.5,267.6,269.5
WP096725,Las Vegas,254.9,260.7,253.2,249.5,256.2
CP683025,Las Vegas,241.325,236.7,246.3,239.2,243.1
GL311028,Las Vegas,240.5,236.6,247.4,234.5,243.5
IM205125,Milwaukee,323.05,327.5,323.7,315.7,325.3
YB787224,Milwaukee,319.675,326.1,314.6,320.7,317.3
EO147621,Milwaukee,309.375,326.8,305.3,300.3,305.1
XU791525,Milwaukee,307.8,313.8,302.9,303.4,311.1
PC974520,Milwaukee,287.05,286.1,284.8,292.5,284.8
UB007426,Milwaukee,273.6,286.3,274.3,261.3,272.5
OC220124,Milwaukee,257.575,262.5,247.3,258.4,262.1
XF971423,Milwaukee,250.425,253.7,247.7,253.3,247
KE496527,Montgomery,310.9,311.9,321,305.4,305.3
PO363024,Montgomery,302.65,301.7,310.4,291.9,306.6
CM837926,Montgomery,295.075,307,291.8,296.1,285.4
BG201727,Montgomery,293.3,300.8,295.5,285.3,291.6
VJ753727,Montgomery,288.125,285,291.1,288.1,288.3
RJ706424,Montgomery,285.625,284.1,293.7,286.9,277.8
YI560325,Montgomery,250.7,253.2,239.2,248.2,262.2
YC460626,Montgomery,248.375,246.9,251.9,248.4,246.3
IV984523,New Orleans,313.45,294.9,325.5,310.4,323
BV963320,New Orleans,311.5,307.5,319.1,305.1,314.3
XW706522,New Orleans,305.375,298.8,309.1,298,315.6
GV675124,New Orleans,302.425,307.2,303.1,293.3,306.1
YP113725,New Orleans,301.575,303.3,299.7,309.2,294.1
YG835927,New Orleans,280.875,281.4,287.6,276.5,278
KG864122,New Orleans,280.3,277.5,288.5,272.3,282.9
EP224127,New Orleans,240.375,244.8,235.7,242,239
XN744822,Oakland,330.2,332.9,332.3,328,327.6
CA529121,Oakland,319.85,321,327.8,321.7,308.9
IZ766128,Oakland,302.425,299.5,298.9,317.2,294.1
KP902127,Oakland,300.95,292.7,303.4,299.8,307.9
RU424825,Oakland,299.9,305.3,305.4,291.3,297.6
TK673022,Oakland,279.55,281.8,275.7,282.9,277.8
OO139830,Oakland,255.95,261.2,258,258.9,245.7
SI994628,Oakland,224.5,224.6,228.6,231.3,213.5
NS834022,Omaha,276.75,274.5,280,281.7,270.8
JX808129,Omaha,269.375,275.6,272.4,262.9,266.6
DG124029,Omaha,248.95,252,255.7,235.5,252.6
GK539125,Omaha,243.275,251.3,244.5,246.8,230.5
YE124728,Omaha,237.3,241,238.4,230.7,239.1
DN300924,Omaha,235.9,229.7,237.6,235,241.3
QM336725,Omaha,228.275,221.3,233.8,228.4,229.6
OZ214124,Omaha,216.75,220.5,222.7,214.9,208.9
IT164625,Philadelphia,320.275,329.2,321,308.2,322.7
OK069324,Philadelphia,313.775,309.3,321.7,309,315.1
VQ338424,Philadelphia,310.125,305.8,312.4,312.8,309.5
VA274523,Philadelphia,293.6,300.5,288,288.1,297.8
SK298322,Philadelphia,286.375,297.3,291.8,283.1,273.3
GQ960525,Philadelphia,268,266.9,269,267.8,268.3
WN719925,Philadelphia,258.825,258.4,251.3,260.9,264.7
UT527524,Philadelphia,229.125,227.8,239.1,226.8,222.8
GT306825,"Portland, ME",274.675,275.8,271,281.8,270.1
UI315523,"Portland, ME",266.775,264.7,269.8,260.5,272.1
FE415727,"Portland, ME",260.6,267.4,265.5,251.3,258.2
XY711725,"Portland, ME",257.2,252.7,252.5,266.9,256.7
FH831723,"Portland, ME",253.65,258.9,257.6,244.3,253.8
MK144724,"Portland, ME",244.575,242.8,247.2,239.9,248.4
QM034722,"Portland, ME",242.1,246.9,246.8,230,244.7
IC095421,"Portland, ME",217.775,230.2,219.1,212.3,209.5
KS546730,Richmond,350.725,350.9,345.6,352.5,353.9
PS225722,Richmond,345.1,355.9,346.4,340.7,337.4
BW840526,Richmond,325.45,326.8,327.8,322.3,324.9
EQ730623,Richmond,320.475,321.2,325.2,324,311.5
PE781823,Richmond,314.125,327.2,314.3,308.9,306.1
TY525623,Richmond,293.475,303.2,294.4,285.2,291.1
HH859326,Richmond,221.525,238.6,228,203.4,216.1
NF405329,Richmond,219.575,223.8,213.9,221.1,219.5
IU412422,S. Dakota,287.825,288.9,285.6,293.2,283.6
CL897924,S. Dakota,267.975,270.3,269.4,270.1,262.1
UO214625,S. Dakota,257.525,257.5,256.2,262.1,254.3
QV682528,S. Dakota,256.8,263.3,248.8,258.5,256.6
VZ017926,S. Dakota,255.775,263,251.5,256,252.6
LT718525,S. Dakota,245.35,240.2,246.7,255.2,239.3
SQ994224,S. Dakota,239.775,241.5,234.3,244.6,238.7
RE787426,S. Dakota,208.525,212.1,208.3,211.5,202.2
AR633325,Salt Lake City,280.575,287.8,274.9,283.3,276.3
UQ380624,Salt Lake City,280.525,291.3,278.4,275.8,276.6
XW103424,Salt Lake City,278.275,285.2,278,283.2,266.7
ZU816024,Salt Lake City,274.95,281.3,278.1,268.2,272.2
OC236123,Salt Lake City,272.625,272.8,268.7,278.2,270.8
OE854722,Salt Lake City,262.625,252.4,261.3,265.1,271.7
KP477927,Salt Lake City,256.875,255.5,257.7,255.3,259
IO202025,Salt Lake City,248.375,253.9,243.5,247.2,248.9
WK295724,San Francisco,310.075,306.8,315,308.9,309.6
AB317927,San Francisco,305.325,311.4,301.2,292.4,316.3
BE923423,San Francisco,304.875,299,294.9,308.8,316.8
NO427426,San Francisco,290.2,284.8,300,297.4,278.6
CD000125,San Francisco,284.25,284.9,288.5,286.2,277.4
MG291625,San Francisco,278.8,285.8,274.6,274.7,280.1
SB237723,San Francisco,277.275,282.5,268.4,279.3,278.9
EL188724,San Francisco,267.4,283.1,263.3,253.9,269.3
SB174427,Tampa Bay,270.025,277.1,269.8,269.9,263.3
WQ461926,Tampa Bay,267.675,265.1,273,265.2,267.4
UZ585528,Tampa Bay,267.225,277.8,264.7,264.1,262.3
GA197124,Tampa Bay,263.175,255.3,266.9,259.7,270.8
HF658620,Tampa Bay,259.55,267,258.5,259.9,252.8
KT686323,Tampa Bay,256.275,255,255.2,250.7,264.2
CG121924,Tampa Bay,256.075,250.5,261,257,255.8
LS502222,Tampa Bay,246.375,251.7,248.4,240,245.4
IG396225,Toledo,298.325,311.2,283.1,304,295
YJ439824,Toledo,295.975,297.2,294.5,296.9,295.3
DI220425,Toledo,281.25,282.2,277.4,277.9,287.5
MC949023,Toledo,278.4,280.5,280.6,277.2,275.3
SE345727,Toledo,270.525,271.4,268.6,272.5,269.6
FA719225,Toledo,253.775,261.4,254.7,241.4,257.6
RZ870225,Toledo,225.925,229.9,216.3,227.3,230.2
TY471027,Toledo,217.225,227.4,207.2,221.1,213.2
RC983023,Virginia Beach,306.675,308.9,308.7,305.1,304
OQ802626,Virginia Beach,241.45,245.1,247.4,235.9,237.4
EY891025,Virginia Beach,240.9,246.1,237,240.6,239.9
LE687026,Virginia Beach,225.775,230.3,232.6,219.5,220.7
DJ772526,Virginia Beach,222.1,214.9,232.7,214.7,226.1
ZR267326,Virginia Beach,213.275,219.4,211.6,206.7,215.4
NY516326,Virginia Beach,207.45,198.4,219.5,204.6,207.3
NS813624,Virginia Beach,205.025,210.9,199.9,202,207.3
UT298823,WB Scranton,323.125,320.9,329.6,318.2,323.8
OG220123,WB Scranton,318.275,326.5,312.6,323.6,310.4
QT100823,WB Scranton,309.8,318.1,311.4,309.9,299.8
CY045424,WB Scranton,306.05,298,311.3,307,307.9
SD662923,WB Scranton,304.1,306.8,297.8,308.2,303.6
TU827516,WB Scranton,297.7,300.7,301.2,288.4,300.5
CH434326,WB Scranton,221.175,221.6,228.5,226.3,208.3
PT641024,WB Scranton,215.7,219.9,209.8,221.9,211.2
HA416227,Austin,231.6,236.3,226.3,229.9,233.9
HJ387224,Austin,226.675,235.7,221.4,224,225.6
LU500223,Austin,220.15,216.4,220.5,221.7,222
BZ014624,Austin,215.9,230.2,203.8,218.6,211
XI220921,Austin,203.8,206.4,197.3,206.9,204.6
AH811325,Austin,203.65,198.5,205,207.8,203.3
JA964133,Austin,194.675,195.4,194.8,192.3,196.2
HR912926,Austin,186.1,187,189.3,190,178.1
MX073729,Baltimore,223.725,240.1,217.9,220.1,216.8
EX286027,Baltimore,212.7,210.1,210.9,217.6,212.2
FI344130,Baltimore,206.275,214.2,202,204.9,204
KC724625,Baltimore,205.3,210.7,202.5,201.2,206.8
SQ377728,Baltimore,199.075,206.7,198.6,202,189
RI841624,Baltimore,181.775,189.9,185.4,171.7,180.1
JU864333,Baltimore,180.9,180.6,180.3,178.2,184.5
SL798924,Baltimore,172.2,175.4,165.4,178.4,169.6
AN116928,Boise,210.8,210.2,209.1,215.3,208.6
SN994631,Boise,201.325,204.5,202.6,192.5,205.7
XQ256425,Boise,188.45,186.9,182.6,179.6,204.7
ZT193228,Boise,175.775,176.7,171.7,179.6,175.1
KU907727,Boise,166.925,165.7,167.8,158.1,176.1
PB100427,Boise,165.6,163.7,174.3,156.6,167.8
TH687227,Boise,163.575,164.6,170.7,155.8,163.2
RM413233,Boise,156,155.4,160.2,153.1,155.3
JP081925,Boston,198.75,200.2,199.3,204.3,191.2
YB309224,Boston,194.925,198.6,204.8,190.1,186.2
PF281022,Boston,192.025,196.6,193.1,191.1,187.3
NT336132,Boston,191.475,183.2,191.3,196.4,195
RL467729,Boston,188.125,201,191.6,175,184.9
ZZ813927,Boston,174.75,173.7,184.6,172.9,167.8
LZ729829,Boston,172.275,178.2,172.3,170.5,168.1
ZO650527,Boston,165.6,161.1,162.4,178.9,160
TY616431,Charleston,205.625,210.7,208.2,198.4,205.2
NE250628,Charleston,196.875,202.1,199.5,196.6,189.3
GK914231,Charleston,193.625,197.1,201.4,191.1,184.9
AL403525,Charleston,191.875,205.2,201,185.7,175.6
JS034123,Charleston,182.975,181.2,179.6,186.5,184.6
YI706932,Charleston,178.525,182.8,175.9,176.8,178.6
MX334625,Charleston,177.9,181,172.7,182.2,175.7
PL230025,Charleston,169.625,164.5,167.2,172,174.8
NW599623,Cleveland,243.8,255.4,245.6,236,238.2
DR449132,Cleveland,226.225,226.4,224.4,229.4,224.7
BD040826,Cleveland,223.5,226,221,222.3,224.7
FI891723,Cleveland,215.425,214.8,211.8,214.9,220.2
YR028826,Cleveland,211.9,216.3,221,206.2,204.1
BE701226,Cleveland,204.675,207,195.8,198.4,217.5
XB321527,Cleveland,203.65,196.9,202.7,199.5,215.5
JX343933,Cleveland,191.725,190,188.8,191.1,197
NT633427,Connecticut,200.275,211.5,197,194.8,197.8
BI604227,Connecticut,197.55,205.6,194.7,191,198.9
LZ999026,Connecticut,191.675,190.9,202.6,186.5,186.7
KP249329,Connecticut,182.4,190.5,174.2,187.4,177.5
WH474327,Connecticut,171.375,167.2,173.8,169.8,174.7
XW488628,Connecticut,163.925,152.6,166.2,165.8,171.1
GL368424,Connecticut,161.625,161.4,159,164.5,161.6
EV185429,Connecticut,157.2,162.4,161.3,150.5,154.6
OS975628,Delaware,223.4,215.7,221,225.5,231.4
NC822026,Delaware,204.15,206,215.6,195,200
JM186624,Delaware,202.325,199.9,197.9,201.3,210.2
GR029229,Delaware,195,211.8,190.1,195.7,182.4
RE261727,Delaware,171.725,170.7,162.8,167.7,185.7
EC333326,Delaware,170.925,172.5,178.6,168.7,163.9
XP545030,Delaware,170.15,169,177.1,175.5,159
NZ708733,Delaware,165.325,164.1,165.7,160.5,171
SU517423,Denver,256.075,254.6,254.6,262.6,252.5
BS047431,Denver,247.325,237.8,252.8,241.8,256.9
XZ713026,Denver,240.625,244.4,245.4,233.5,239.2
LU607825,Denver,226.75,233.7,232.5,221.9,218.9
ZO409724,Denver,224.925,223,225,234.7,217
OI633923,Denver,224.275,215.8,225.7,226.1,229.5
UA699128,Denver,209.4,216.7,218.6,202.4,199.9
HZ570733,Denver,200.35,197.1,204.4,202.5,197.4
DD353332,El Paso,226.15,233,223.5,227.2,220.9
PF890128,El Paso,222,223.5,225.8,222.1,216.6
LY203926,El Paso,218.325,227.6,213.2,215.2,217.3
FZ196120,El Paso,199.9,199.7,202.1,196.8,201
ZV848625,El Paso,193.8,193.1,197.2,187.2,197.7
MR041026,El Paso,186.6,185.9,195.3,178.6,186.6
MK403333,El Paso,186.375,185.4,187.9,186,186.2
CB848628,El Paso,166,166.3,168.9,157,171.8
XH711230,Fresno,244.175,253.3,246.3,232.1,245
TR873127,Fresno,209.25,216.2,204.6,202.9,213.3
KC090132,Fresno,205.425,207.2,199.5,209.4,205.6
VE932427,Fresno,191.875,193.1,196.3,190.1,188
LX188025,Fresno,190.05,184.9,185.9,196,193.4
UK425028,Fresno,189.05,198.2,195.9,183.9,178.2
BB152233,Fresno,173.175,171.9,169.5,179.8,171.5
OW475827,Fresno,167.75,172.6,176.5,162.3,159.6
IU624224,Lexington,211.575,215.6,198.8,214.6,217.3
IT603726,Lexington,191.85,186.3,197.9,185.5,197.7
GP428227,Lexington,183.075,184.6,181.4,188.5,177.8
MC894924,Lexington,175.625,181,172.2,173,176.3
XL522127,Lexington,173.175,179.1,173.4,163.2,177
NA912728,Lexington,172.675,169.7,176.1,165.3,179.6
GK362024,Lexington,168.75,166.2,172.8,172.5,163.5
SS954733,Lexington,163.3,164.3,161.2,165.7,162
RS166632,Lincoln,199,200.7,198.3,201.4,195.6
EU853027,Lincoln,197.2,197.2,197.8,189.9,203.9
RV531232,Lincoln,182.675,193.9,184.2,172.8,179.8
UU176330,Lincoln,177.375,173.3,178.2,180.6,177.4
TV331422,Lincoln,170.775,183.4,173.1,158.7,167.9
NI247325,Lincoln,167.6,165.6,168.5,163.4,172.9
EV140926,Lincoln,152.425,161.3,150.4,147.4,150.6
PJ425929,Lincoln,137.05,136.6,136.7,131.2,143.7
FB621231,Louisville,205.9,214.3,207.6,203.7,198
QI417527,Louisville,198.425,201.8,196.3,204.4,191.2
ZW547522,Louisville,194.925,201.2,195.5,187.3,195.7
KT785428,Louisville,189.3,185.8,188,192.2,191.2
GL228633,Louisville,151.675,152.4,152,152.3,150
AN089224,Louisville,150.625,152.8,151.7,144.7,153.3
LZ878225,Louisville,143.825,146.3,141.7,142.7,144.6
VG653427,Louisville,141.4,136.8,134.2,151.5,143.1
UU675329,Madison,234.475,228.7,235.2,234.8,239.2
QS209625,Madison,220.775,220.7,215.7,223.9,222.8
SP587328,Madison,219.9,215.3,221,223,220.3
QJ816422,Madison,204.925,201,199.6,208.7,210.4
ZT477928,Madison,197.75,200.8,203.6,197.2,189.4
WJ746724,Madison,187.425,193.6,179.4,189.8,186.9
NT972333,Madison,184.95,182,185.5,185.6,186.7
UC565229,Madison,138.475,146.8,136,133.8,137.3
AL944431,Manchester,204.1,211.2,205.8,204.9,194.5
UY221326,Manchester,179.7,180.3,181.2,169.2,188.1
ND387423,Manchester,175.2,184.1,184.9,166.6,165.2
JZ715431,Manchester,173.675,173.6,175.3,175,170.8
MY214328,Manchester,172.975,181,164.5,170.2,176.2
SA597529,Manchester,153.5,166.1,152.3,151.3,144.3
AS508628,Manchester,146.375,137.7,147.7,152.7,147.4
FJ326026,Manchester,132.975,147,129.4,126.6,128.9
WI462232,Morgantown,220.325,220,219.5,218,223.8
KG579829,Morgantown,204.475,211.4,207.3,198.6,200.6
LP649830,Morgantown,183.8,178.8,187.9,189.3,179.2
TY313624,Morgantown,154.85,159.3,146.3,159.3,154.5
KB213527,Morgantown,154.2,171.6,146.2,151.9,147.1
LB028125,Morgantown,152.65,151.2,149.5,151.2,158.7
CH210526,Morgantown,151.725,155.3,159.2,149.3,143.1
MK381933,Morgantown,148.6,146.9,156.5,147.5,143.5
YE605027,New Jersey,240.4,240.5,239.9,245.2,236
QF249627,New Jersey,220.25,223.9,212.1,222.1,222.9
EF154425,New Jersey,219.1,217.3,217.1,217,225
HN080026,New Jersey,218.8,223.7,226.5,212.5,212.5
BY207722,New Jersey,215.7,231.8,217.5,208.5,205
GC369228,New Jersey,203.15,198.9,203.6,202.2,207.9
JY647733,New Jersey,199.875,202.6,197.8,205.1,194
WF196224,New Jersey,187.35,176.5,185.7,186.2,201
XZ151324,New York,216.775,223.8,214.3,219.6,209.4
XU281424,New York,213.575,213.3,213.5,206.6,220.9
WD934826,New York,211.5,209.7,216.1,206.1,214.1
CJ733527,New York,209.775,213.5,201.7,215.1,208.8
IF372029,New York,207.525,207.3,203.9,209,209.9
WH070826,New York,204.075,202.8,206.8,202.5,204.2
BR657432,New York,203.15,210.3,199.6,205.1,197.6
NG529233,New York,193.125,195.5,192.1,191.2,193.7
XV213932,Pittsburgh,220.95,220,220.4,221.2,222.2
WP545125,Pittsburgh,206.45,213.2,209.8,199.9,202.9
JN083527,Pittsburgh,195.55,203,192.2,188.8,198.2
NJ240829,Pittsburgh,193.85,206.5,193.2,195.5,180.2
VN593728,Pittsburgh,191.2,196.4,186.6,196.3,185.5
XB767526,Pittsburgh,176.075,175.1,180.9,174.9,173.4
XM603628,Pittsburgh,172.225,174.2,176.4,174.1,164.2
YA234326,Pittsburgh,163.575,169.2,157.3,162.7,165.1
RF570925,Rhode Island,243.1,242.7,247.4,240.2,242.1
YT029127,Rhode Island,242.65,256.6,240.4,233,240.6
WG315831,Rhode Island,236.7,234.2,230.7,244.6,237.3
UE315927,Rhode Island,230.275,230.4,226.6,227.7,236.4
WR343329,Rhode Island,224.675,224.6,229.8,223.9,220.4
VP612928,Rhode Island,213.3,205.9,213.7,221.3,212.3
ML223633,Rhode Island,200.8,202.7,197.9,202.3,200.3
CQ571326,Rhode Island,146.25,145.1,146.8,144.9,148.2
PN331524,S. Illinois,196.9,208.4,191.4,193.5,194.3
WD091032,S. Illinois,184.925,185,184.1,186.8,183.8
RX034528,S. Illinois,182,193,180.1,183.6,171.3
AZ752830,S. Illinois,180.575,190.1,179.3,178.9,174
MQ125725,S. Illinois,176.1,189.9,168.5,163,183
PN764829,S. Illinois,171.35,177.5,181.8,161.9,164.2
HP649733,S. Illinois,156.6,156.4,160.5,153.1,156.4
EY273029,S. Illinois,151.025,152.6,153.8,144.7,153
UT603629,San Jose,248.75,258.1,247.4,245.6,243.9
CY045230,San Jose,226.625,233.3,231.9,209,232.3
YK711324,San Jose,214.05,213.5,212.7,213.2,216.8
RZ652231,San Jose,203.325,194.8,199.2,203.7,215.6
SO148828,San Jose,202.7,203.2,212.4,198.5,196.7
VL963727,San Jose,200.1,208.8,201.2,200.2,190.2
UA931432,San Jose,198.4,201.3,194,193.7,204.6
GL147133,San Jose,192.45,191.5,195.4,193.2,189.7
DW893931,Santa Fe,190.625,188.3,194.9,190,189.3
FK396825,Santa Fe,185.5,192.1,192.1,183.8,174
KB907432,Santa Fe,174.65,178.1,174.9,171.3,174.3
IS432126,Santa Fe,166.8,178.7,171,157,160.5
WC795929,Santa Fe,163.775,170.6,165.2,167.2,152.1
ZI863325,Santa Fe,162.725,160.3,163.1,166.8,160.7
TM116526,Santa Fe,156.1,159.7,153.4,162.6,148.7
MW603026,Santa Fe,153.9,158.7,153.3,149.9,153.7
ND536028,Savannah,200.025,200.7,195.5,208.2,195.7
JI223529,Savannah,177.1,177.4,171.8,175.4,183.8
QH359426,Savannah,171.9,169.7,170.7,171.9,175.3
GU684227,Savannah,166.075,165.2,169.6,168.8,160.7
ZN816725,Savannah,159.625,159.3,162,157.2,160
BC302927,Savannah,159.175,158.8,154.8,158.3,164.8
AA976026,Savannah,153.75,160.9,149.8,153.6,150.7
IB738625,Savannah,149.975,161.9,142.5,150.5,145
TX517230,Shreveport,208.25,222.3,202.1,205.6,203
SI364626,Shreveport,203.775,201.7,212.8,207,193.6
YU955125,Shreveport,199.35,206.6,190,202.8,198
TM774725,Shreveport,195.4,199.2,195.1,193.1,194.2
SA192726,Shreveport,187.775,193.2,182.9,192.1,182.9
RP015633,Shreveport,183.075,179,180.4,185.5,187.4
YR185627,Shreveport,180.65,177.2,185.9,183.4,176.1
TC464724,Shreveport,180.275,184.4,182.5,173.8,180.4
VE374229,Springfield,211.125,213.7,206.7,209.4,214.7
UT319326,Springfield,192.375,192.6,192.5,193.1,191.3
PG062324,Springfield,191.7,207.6,186.7,181.7,190.8
SY280632,Springfield,184.275,189.3,180.6,182.4,184.8
LM039426,Springfield,177.275,179.4,181.9,172.4,175.4
XS065129,Springfield,173.25,178.2,169,174.7,171.1
LE517333,Springfield,164.475,165.1,161.3,163.5,168
BB933625,Springfield,163.375,166.1,170.3,155,162.1
IV147726,St. Louis,195.075,193.8,206.8,189.8,189.9
NW800832,St. Louis,185.85,187.2,186.7,182,187.5
ZF068827,St. Louis,182.2,172.1,187.4,186.1,183.2
GS450731,St. Louis,180.75,192.7,174.8,177.4,178.1
ZF660032,St. Louis,176.875,175.8,178.4,179.5,173.8
HB168932,St. Louis,163.225,158.8,168.3,164.5,161.3
TC876928,St. Louis,160.925,166.7,162.8,154.6,159.6
DF013633,St. Louis,148.5,146.6,149.4,151.8,146.2
PB597632,Stockton,210.675,212.6,207.3,212.3,210.5
NY326432,Stockton,204.625,205,207.9,200.6,205
IZ999128,Stockton,186.125,187.3,191.4,196.2,169.6
VE105028,Stockton,164.85,160.9,168.7,162.9,166.9
MJ311329,Stockton,160.675,164.7,159.5,153.8,164.7
XY365932,Stockton,160.575,156.4,166.3,161,158.6
AL450733,Stockton,151.225,151.2,150.2,151.1,152.4
TE514925,Stockton,151,151.4,156.3,146.7,149.6
RP920728,Syracuse,194.875,188.6,201.1,191.2,198.6
HJ126532,Syracuse,187.4,186.5,185.7,187,190.4
YB713032,Syracuse,180.15,176.1,187.5,178.1,178.9
AJ546124,Syracuse,169.825,165.7,179.3,163.5,170.8
JJ341225,Syracuse,160.925,154.8,170.8,157.7,160.4
AD868422,Syracuse,147.125,152.4,152.5,141.6,142
RV480026,Syracuse,146.85,139.8,139.6,162.1,145.9
PR558726,Syracuse,146.225,144.7,153.1,143.9,143.2
IQ426529,Tulsa,198.55,203.9,196.3,189.3,204.7
DI129728,Tulsa,190.875,196.2,185.4,191.9,190
WB902629,Tulsa,184.55,187.1,186.5,175.9,188.7
NM140928,Tulsa,182.7,193.9,187.2,172.1,177.6
MX010528,Tulsa,175.125,179.5,177.8,163.7,179.5
AN793527,Tulsa,161.125,166.5,168.1,152.6,157.3
VL064133,Tulsa,152.225,151.8,156,147.8,153.3
WN069726,Tulsa,146.925,144.7,149,147.6,146.4
KU860324,West Virginia,224.35,227.2,237.9,206.2,226.1
CI208023,West Virginia,218.125,220.7,217.1,217,217.7
JL202625,West Virginia,207.575,210,202.6,203.5,214.2
GH496526,West Virginia,205.7,204.4,205.7,203.1,209.6
SQ399324,West Virginia,200.375,201.6,193.8,209.3,196.8
XD918229,West Virginia,199.25,192.6,208.8,192.8,202.8
IJ571930,West Virginia,188.975,182.6,187.4,199.5,186.4
SO116333,West Virginia,187.575,192.4,188,182.4,187.5
WQ111532,Alaska,159.75,161.8,160.6,152.9,163.7
SB888428,Alaska,153.875,136.2,160.2,163.9,155.2
PP557932,Alaska,150.05,145.7,156.6,151.3,146.6
HO153227,Alaska,144.125,133,151.9,147.8,143.8
ZC952628,Alaska,143.675,143.7,140.6,147.9,142.5
HJ433430,Alaska,141.25,136.6,138.8,148.3,141.3
QO662931,Alaska,118.65,121,120.1,117.5,116
LB339830,Alaska,110.75,109.2,113,112.5,108.3
LG913632,Anaheim,140.35,141.9,140.8,137.7,141
YG546125,Anaheim,132.15,141.4,137.4,127.9,121.9
DX024932,Anaheim,128.725,128.5,129.6,131,125.8
RI962529,Anaheim,117.375,113,120.6,122,113.9
ZG101033,Anaheim,113.55,110.1,114.2,119.1,110.8
AY265532,Anaheim,112.425,113.6,114.8,112.1,109.2
ML279925,Anaheim,104.475,99.3,107.2,108.5,102.9
WX240925,Anaheim,103.975,99,107.3,98.8,110.8
UB639532,Arlington,158.45,159.6,161.9,158.5,153.8
CO379632,Arlington,146.875,140.1,150.1,150.4,146.9
WH600527,Arlington,143.325,146.3,150,145,132
MH470026,Arlington,142.325,151,139,140.2,139.1
RT348733,Arlington,137.975,140.3,140,138.6,133
XW067527,Arlington,128.125,127.2,125.1,127.6,132.6
GW295228,Arlington,116.8,111.4,113.3,115.6,126.9
GT351733,Arlington,99.175,98,97.1,101.7,99.9
JH351332,Birmingham,146.025,145.5,144.9,146.5,147.2
SO081233,Birmingham,137.75,136.3,143.7,135.1,135.9
RO210925,Birmingham,135.7,131.2,140.4,132,139.2
DO117432,Birmingham,129.45,125.1,136.3,123.9,132.5
VS856431,Birmingham,117.25,130,115,117,107
BO822329,Birmingham,110.275,113.5,103.2,117.7,106.7
VF325128,Birmingham,109.075,109.6,101.3,110.8,114.6
LH202133,Birmingham,104.025,105.4,97,108.2,105.5
GB281532,Cheyenne,139.75,143.1,137.8,136,142.1
SO836332,Cheyenne,138.575,143.5,139.5,137.7,133.6
NF331133,Cheyenne,134.15,132.9,134.7,137,132
DN319032,Cheyenne,130.25,133.1,123.2,131.1,133.6
QA659227,Cheyenne,128,135.9,135.3,107.8,133
QB918533,Cheyenne,107.175,105.7,113.1,108.1,101.8
VN527530,Cheyenne,96.375,89.9,106,99.8,89.8
WV948129,Cheyenne,87.45,89.3,99.3,76.8,84.4
NG550525,Davenport,131.125,130.6,127.7,133.4,132.8
WR175125,Davenport,121.875,120.7,117.9,133.3,115.6
XH643733,Davenport,116.925,118.8,117.9,117.7,113.3
TE803628,Davenport,115.825,127.8,111.1,107.6,116.8
GB346932,Davenport,97.6,104.4,94.1,100.5,91.4
GR129130,Davenport,93.375,92.1,95.6,85.7,100.1
XC587533,Davenport,90.975,89.2,91.4,92.3,91
HS165527,Davenport,89.125,91.4,86.7,83.8,94.6
IW763426,Detroit,183.2,190.1,182.4,177.2,183.1
WK564826,Detroit,179.975,179.2,184,183,173.7
PL690425,Detroit,160.75,154.2,170.3,159.2,159.3
JG954926,Detroit,155.5,156.4,159.5,161,145.1
QI050428,Detroit,147.15,131.9,142.8,159.7,154.2
SO737630,Detroit,146.525,155,143.3,134.1,153.7
MN540928,Detroit,139.575,140.6,143.6,134.3,139.8
EN497526,Detroit,126.15,118.5,131,135.3,119.8
GS607927,Duluth,131.2,129.1,138,131.4,126.3
XJ410628,Duluth,127.775,131.9,133.2,120.3,125.7
VQ346628,Duluth,115.575,110.8,125.9,113.6,112
KW697430,Duluth,98.4,108.4,94.2,97.6,93.4
FY669132,Duluth,97,96.8,96.3,98.5,96.4
XT139829,Duluth,95.2,97.6,98.3,94.2,90.7
NU177828,Duluth,93.35,90.9,99.9,91.9,90.7
XE132333,Duluth,86.575,85.6,86.6,89.8,84.3
KL353333,Eugene,130.825,129.9,132.5,129.8,131.1
UQ613233,Eugene,115.225,116.3,111.7,114.1,118.8
SQ299232,Eugene,110.775,110.6,109.5,114.1,108.9
MS962928,Eugene,106.975,109.3,103.1,105.2,110.3
RX407824,Eugene,106.675,109.1,110.2,100.6,106.8
VT787732,Eugene,103.95,95.4,107,109.4,104
XR520529,Eugene,94.85,86.9,99.4,99.9,93.2
LC279833,Eugene,91.3,92.4,88.5,91.5,92.8
IY975433,Ft. Worth,132.3,136.6,135.6,127.3,129.7
VO305432,Ft. Worth,128.325,133.3,119.2,127.3,133.5
XP181831,Ft. Worth,120.325,120,122.9,121.8,116.6
JW296533,Ft. Worth,111.4,111.3,113.3,113.3,107.7
LW678127,Ft. Worth,104.775,120.7,98.4,92.5,107.5
RX717531,Ft. Worth,101.5,97.9,95.5,99.8,112.8
PR682030,Ft. Worth,94.15,95.4,83,107.3,90.9
IJ928125,Ft. Worth,89.9,85.3,92.5,95.3,86.5
SY087932,Gary,139.275,146,136.9,135,139.2
UP808033,Gary,130.975,133.1,129.1,131.9,129.8
YH957733,Gary,115.125,119.6,109.6,119.4,111.9
XK962732,Gary,110.85,112.9,109.9,116.7,103.9
GB392127,Gary,105.6,108.9,112.3,102.7,98.5
AC093130,Gary,103.85,97.4,108.4,101.5,108.1
HE749229,Gary,103.025,111.7,108.5,103.6,88.3
QE701033,Gary,91.725,94.1,92.2,91.5,89.1
ZW675726,Houston,182.15,196.6,168.4,182.6,181
KI088029,Houston,162.425,174,161.2,158.6,155.9
OU103127,Houston,161,172.5,155.1,158.6,157.8
EA992427,Houston,150.15,149.1,150.7,150.1,150.7
GV408324,Houston,148.325,151.5,140.9,147.3,153.6
JM555033,Houston,144.45,146.4,143.5,147,140.9
NY234727,Houston,143.6,149.6,140.1,145.3,139.4
CF471927,Houston,127.3,122.6,134.5,124.4,127.7
JM043029,Knoxville,137.225,129.1,133,152,134.8
GX422732,Knoxville,130.8,134.1,126.5,125.5,137.1
YE553932,Knoxville,118.6,117.7,117.5,114.1,125.1
HM735028,Knoxville,118.325,119.7,119.4,115,119.2
TW805830,Knoxville,115.625,119.1,109.3,116,118.1
GR516728,Knoxville,111.475,112.7,111.1,110.6,111.5
KG287633,Knoxville,106.975,104.4,107.8,110.3,105.4
TE755333,Knoxville,95.775,94.3,97.9,91.7,99.2
ZW195028,Little Rock,157.5,153.1,160.5,157.7,158.7
TG305132,Little Rock,154.6,155.1,150.5,159,153.8
LV954630,Little Rock,146.825,155.1,151.5,144.6,136.1
SN828925,Little Rock,145.3,152.8,147.1,139.9,141.4
XH657726,Little Rock,143.425,141.6,148.3,141.4,142.4
MP299028,Little Rock,143.2,151,140.5,152.1,129.2
BV923227,Little Rock,127.975,137,120.3,130.1,124.5
HH604027,Little Rock,111.875,113.8,110.4,116.1,107.2
EL090532,Long Beach,161.75,169.6,163.5,154.2,159.7
NM321631,Long Beach,150.85,159.4,145.2,149.3,149.5
ME827932,Long Beach,142.725,138,139.2,142.5,151.2
WU539726,Long Beach,139.275,145.1,142.5,141.3,128.2
PL958332,Long Beach,136.325,140.4,141.5,131.4,132
UK886332,Long Beach,131.775,128,133,133.1,133
SD787430,Long Beach,106,114.4,97.4,106,106.2
SZ720733,Long Beach,102.2,101.8,100.3,104.7,102
GN274132,Macon,152.475,154.8,150,155.1,150
JM995031,Macon,144.925,150.3,146.7,141.6,141.1
WQ470327,Macon,136.3,142.7,122,138.9,141.6
OX201131,Macon,119.875,115.2,121.7,129.1,113.5
CA117926,Macon,114.05,111.2,113.3,113.4,118.3
CA273631,Macon,113.875,107.9,126.4,107.9,113.3
CH370027,Macon,112.55,119.9,107,122,101.3
BF741433,Macon,104.475,100.4,104.9,107.8,104.8
OR192728,Mesa,126.6,124.3,127.9,121.8,132.4
HP922024,Mesa,125.05,133.3,132.9,112.6,121.4
HE088725,Mesa,124.8,138.1,115.4,122.2,123.5
CM987426,Mesa,92.275,93.5,90.5,101.6,83.5
LS722328,Mesa,88.325,92.9,86.1,84.9,89.4
QR121533,Mesa,88.075,89,86.2,85.8,91.3
HF514727,Mesa,87.675,88.3,85.6,97.8,79
SK124528,Mesa,87.2,89.3,84.4,93.6,81.5
WW478730,Montreal,147.725,137.4,147.6,148.5,157.4
ZV840133,Montreal,137.05,136.8,139.5,135.1,136.8
GM841232,Montreal,131.1,131,131.1,133.4,128.9
CR296827,Montreal,117.25,118,117.2,125.4,108.4
QL406031,Montreal,110.35,106.4,121.5,96.3,117.2
VN755929,Montreal,106.5,106.9,111.4,102.9,104.8
AT490526,Montreal,105.65,112.2,110.9,92.6,106.9
IZ034433,Montreal,104.025,104.2,105.9,100.7,105.3
GN488429,Nashville,128.275,137,132.9,122.8,120.4
UN914626,Nashville,126.875,119.1,121.8,135.5,131.1
IR473829,Nashville,121.875,126.9,126.4,120.1,114.1
OV875431,Nashville,110.175,103.5,121.5,104.9,110.8
TR744230,Nashville,108.2,118.8,103.5,110.2,100.3
VN237130,Nashville,107.475,112.5,102.7,106,108.7
DU727732,Nashville,98.55,100.5,97.2,96.8,99.7
SH680330,Nashville,89.65,88.4,90.8,93.2,86.2
ZL197224,Norman,147.55,149.3,150.3,142.3,148.3
JB857232,Norman,147.525,143.8,148.4,153.9,144
VY385529,Norman,144.325,145.7,152.7,138,140.9
EY415233,Norman,138.75,137.3,138,136.5,143.2
HD341924,Norman,137.275,125.2,153.2,138.8,131.9
PE523524,Norman,131.75,137.9,126.2,128,134.9
JS215730,Norman,102.1,95.9,115.8,100.9,95.8
ZW953226,Norman,97.825,98.7,95.5,95.7,101.4
LQ123529,Ottawa,136.35,129.6,136.4,140.2,139.2
CW434426,Ottawa,127.925,132.3,133,111.5,134.9
ED742027,Ottawa,122.2,108.2,128.4,120.3,131.9
LA285732,Ottawa,105.75,107.9,113.7,105.3,96.1
RX236231,Ottawa,101.925,96.5,110.4,95,105.8
EH098229,Ottawa,88.325,83.3,86.4,91.5,92.1
WF838130,Ottawa,88.15,99.5,90.2,77.7,85.2
GF948827,Ottawa,87.75,93.7,89.9,87.1,80.3
AW422526,Pensacola,128.325,130.9,128.4,131.7,122.3
GJ732827,Pensacola,121.95,126.8,110.6,120.3,130.1
RJ964433,Pensacola,120.15,120.3,123.6,117.4,119.3
ZL930132,Pensacola,104.625,106.7,102.1,108.5,101.2
RA779931,Pensacola,94.45,85.6,95.2,87.9,109.1
TP166929,Pensacola,94.4,95.1,89.6,94.7,98.2
BJ256033,Pensacola,89.9,91.7,86.1,91.1,90.7
PD571733,Pensacola,86.875,87,82.4,89.6,88.5
YL880232,Reno,157.45,164.9,156.7,152.2,156
JY558332,Reno,150.15,147.5,151,148.7,153.4
TG953428,Reno,149.725,149.9,141.9,157.1,150
KX164428,Reno,144.35,139.3,139.2,150.2,148.7
FY358331,Reno,142.55,149.7,138.1,144,138.4
PK268333,Reno,140.175,136,144.4,138.6,141.7
FP337526,Reno,137.775,149.9,133.9,145.7,121.6
KS293033,Reno,96.425,94.7,98.9,92.6,99.5
VL173331,San Diego,173.9,175,168.1,181.8,170.7
HZ562326,San Diego,166.05,169.2,156.6,176.6,161.8
LD763928,San Diego,160.3,159.3,162.3,148,171.6
TY791321,San Diego,156.55,153.4,155.7,161,156.1
CX539027,San Diego,144.525,152.1,136.1,144.2,145.7
GT981226,San Diego,132.75,127.5,136.8,133.7,133
CR988229,San Diego,125.575,118.7,120.9,129.1,133.6
EX731829,San Diego,123.75,124.9,125.4,122.6,122.1
FM848726,Tacoma,133.575,132.3,129.6,133.5,138.9
TJ685828,Tacoma,125.1,119.2,117.2,138.7,125.3
IB795231,Tacoma,124.05,130.1,119.4,113.1,133.6
EA958326,Tacoma,115.55,115.5,106.8,113.3,126.6
SL172333,Tacoma,112.325,109.5,114.7,114.9,110.2
VK987631,Tacoma,108.725,123.8,108.9,97.8,104.4
QX999832,Tacoma,106.675,102.4,109.7,105.8,108.8
SA810627,Tacoma,100.05,98.1,108.4,100.2,93.5
YQ970532,Tallahassee,140.15,141.6,142.2,137,139.8
CA602633,Tallahassee,128.775,125,125.1,132,133
HZ754231,Tallahassee,128.475,131.4,126.7,129.4,126.4
VY969333,Tallahassee,119.075,116.5,124.4,117.2,118.2
YX147432,Tallahassee,116.075,120.2,112.1,113.3,118.7
SB115733,Tallahassee,90.375,89.7,86.6,96.3,88.9
JA449427,Tallahassee,90.075,84.2,88.7,93.4,94
BE465232,Tallahassee,87.575,91.2,93.7,81.3,84.1
YQ222126,Toronto,165.35,166.1,179.8,158.2,157.3
RP077430,Toronto,156.875,158.3,155.3,150.1,163.8
DQ841130,Toronto,142.2,142.5,147.3,134.6,144.4
TW646528,Toronto,141.05,147,144.2,132.7,140.3
DB823823,Toronto,130,132.7,131.3,125.3,130.7
TW094728,Toronto,124.375,129.9,119.2,115.9,132.5
AV522722,Toronto,115.625,121.1,118.9,114.4,108.1
QC813427,Toronto,114.05,111.8,111.1,121.2,112.1
MT006732,Vancouver,143.6,145.8,142.6,142.9,143.1
BN248023,Vancouver,140.2,153.2,145.2,130.3,132.1
ZH909131,Vancouver,131.65,131.7,128.6,121.8,144.5
KD170432,Vancouver,126.15,124.7,124.7,126.2,129
KM935229,Vancouver,117.375,124,119.1,107.8,118.6
NI947328,Vancouver,113.85,120.9,106.9,113.9,113.7
GU676128,Vancouver,104.95,104.9,109.1,102.8,103
ZD991325,Vancouver,103.15,89.6,104.8,113.3,104.9
YS211132,Vermont,151.45,149.6,150.8,151.4,154
LX316528,Vermont,134.625,134.7,136,134.5,133.3
BN139332,Vermont,125.2,126.7,126.6,122.3,125.2
WV502726,Vermont,116.175,119.7,117.7,116.1,111.2
VC409431,Vermont,111.075,114.9,105.1,116.8,107.5
DF881428,Vermont,108.25,110.4,109.4,104.3,108.9
JX085133,Vermont,108.2,106.5,109.8,109,107.5
XA785033,Vermont,93.925,91.1,89.6,97.3,97.7
QP535531,W. Texas,137.975,153.4,134.3,133.1,131.1
ZR221332,W. Texas,135.15,139.5,130.5,138.3,132.3
FB777933,W. Texas,128.275,128.5,130,125.2,129.4
PK572733,W. Texas,119.8,117.6,118.2,124,119.4
NP527431,W. Texas,119.525,116.7,131.4,114.5,115.5
EJ640632,W. Texas,109.65,116.7,109,101.8,111.1
SU187828,W. Texas,91.55,85.3,95.3,99,86.6
VI387031,W. Texas,90.875,94.5,81.1,97.5,90.4
XH038633,Winnipeg,128.95,130.2,128.1,133.3,124.2
GW114829,Winnipeg,119.5,125.5,118.6,122.6,111.3
ZB996332,Winnipeg,118.35,120,117.5,117.2,118.7
DW682533,Winnipeg,117.625,115.4,117.3,119,118.8
HW806932,Winnipeg,99.675,97.1,97.3,99.6,104.7
ZE914527,Winnipeg,92.8,93.8,90.9,95,91.5
TV863532,Winnipeg,92.3,92,93.6,87.2,96.4
VP940833,Winnipeg,90.525,93.5,91.7,88,88.9
GE385132,Winston-Salem,156.9,169.6,154.1,150.8,153.1
IX972332,Winston-Salem,153.95,152.2,153.9,150.9,158.8
KD761131,Winston-Salem,142.225,135.3,148.4,142.9,142.3
HE575727,Winston-Salem,139.35,142.1,135.1,132.4,147.8
XS896831,Winston-Salem,139.125,140.3,150.8,127.4,138
AR104831,Winston-Salem,136.825,141.7,138.1,129.3,138.2
HL446627,Winston-Salem,128.175,132.9,117.8,132.3,129.7
NK802033,Winston-Salem,98.975,102.5,96.6,98.6,98.2
